Patient_ID,phone_number,email,last_patient_outreach_date,last_patient_response_date
P0002,737.702.6699,CHARLOTTE.GARCIA@YAHOO.COM,2025-08-18,2025-08-26
P0003,268-632-7015,Rebecca.Lopez@outlook.com,2025-09-28,2025-10-21
P0004,,mARy.lee@GMail.com,2026-01-12,
P0005,987.233.6406,Harry.Brown@yahoo.com,2025-07-13,2025-07-16
P0006,247-984-7668,Wendy.Davis@aol.com,2025-11-16,2025-12-01
P0007,460.656.6594,Nancy.Ferguson@outlook.com,2025-05-16,
P0008,(878) 573-3758,claire.chan@yahoo.com,2026-02-20,2026-03-21
P0009,(964) 390-1726,John.Rodriguez@outlook.com,2025-04-09,2025-04-19
P0010,249-638-6452,ALice.Ng@YahOo.cOm,2026-03-11,2026-03-31
P0011,245.242.3912,,2025-11-27,2025-12-18
P0012,4874082006,eVA.youNg@outlOOk.cOM,2026-06-11,2026-07-10
P0013,566-690-3484,frank.little@outlook.com,2025-05-15,
P0014,2677618658,victor.perez@aol.com,2026-06-02,2026-06-14
P0015,(834) 610-4937,FIONA.CHEN@GMAIL.COM,2026-07-06,
P0016,(474) 384-8574,Tina.Zu@gmail.com,2025-12-24,2025-12-26
P0017,288.291.4088,John.Williams@yahoo.com,,
P0018,586-749-5438,frnk.rodriguez@aol.com,2025-05-08,
P0019,467-503-4211,Kylie.Ng@hotmail.com,2026-01-04,2026-01-05
P0020,9199863491,keiith.jackson@gmail.com,2026-01-05,2026-01-05
P0021,(915) 329-1496,frank.doe@outlook.com,,
P0022,284-513-9446,natalie.wu@aol.com,2026-06-01,2026-06-07
P0023,2414921424,Charli.Rodriguez@hotmail.com,2026-05-25,2026-05-29
P0024,5644939535,VICTOR.LIM@OUTLOOK.COM,2026-02-05,
P0025,8244587951,ava.miler@aol.com,2025-03-05,2025-03-30
P0026,761-568-7814,evan.lee@aol.com,2026-01-05,2026-01-27
P0027,373.644.3262,hannah.gaRciA@gMaIL.COM,2026-05-22,2026-06-12
P0028,,silvia.baker@yahoo.com,2026-07-18,2026-07-20
P0029,875-750-2988,betty.cooper@yahoo.com,2025-11-05,2025-12-03
P0030,815.986.9727,gale.little@yahoo.com,2026-07-03,2026-07-04
P0031,543.886.8707,john.johnson@yahoo.com,2025-02-23,
P0032,9614489635,bOB.rOdRiGuez@oUtlOoK.COM,2026-06-25,2026-07-14
P0033,929.861.1236,LiSa.kIM@aOL.com,2026-04-22,2026-05-03
P0034,3368311323,JOHN.BROWN@GMAIL.COM,2026-08-17,2026-08-19
P0035,(533) 391-4264,GrEg.SMith@OUTLOoK.COm,2025-06-26,2025-06-30
P0036,(265) 732-7402,Grace.Rodriguez@hotmail.com,2025-06-28,2025-07-09
P0037,465-933-7990,bob.miller@yahoo.com,2026-05-30,2026-06-26
P0038,250-342-8288,ZAChaRy.JONEZ@yAhoO.coM,2025-02-21,2025-03-07
P0039,2397395531,joshua.rodriguez@yahoo.com,2025-12-20,2025-12-29
P0040,(501) 812-2950,paul.jackson@yahoo.com,2025-05-17,2025-05-18
P0041,8006224193,alice.rodriguez@yahoo.com,2025-08-24,2025-08-31
P0042,727-885-3809,jane.johnson@gmail.com,2025-08-27,2025-09-22
P0043,377-950-7528,katherine.lee@gmail.com,,
P0044,604-392-3875,pauline.miller@outlook.com,2025-12-16,
P0045,503-348-4729,alice.bush@gmail.com,,
P0046,568.648.7549,keith.volkov@gmail.com,2026-08-03,2026-08-13
P0047,235.219.6600,frank.brown@gmail.com,2025-06-06,
P0048,8892066386,william.davis@outlook.com,2026-01-14,
P0049,7907698139,Eva.sMItH@oUtLOok.CoM,2026-01-06,2026-01-20
P0050,(846) 286-8607,tina.smirnov@hotmail.com,2026-07-14,2026-07-22
P0051,(708) 535-4994,Dale.Perez@outlook.com,2026-07-25,
P0052,591-736-5694,ailce.wiliams@aol.com,2025-11-21,
P0053,,john.davis@aol.com,2026-07-01,2026-07-21
P0054,,michelle.johnson@gmail.com,2025-07-07,
P0055,506-238-4646,FRANK.SHARP@GMAIL.COM,2026-05-17,2026-06-02
P0056,2749761168,Melanie.Johnson@gmail.com,2025-12-31,2026-01-05
P0057,(376) 764-9925,KATHERINE.KIM@HOTMAIL.COM,2025-03-02,2025-03-11
P0058,(293) 738-9649,pauline.ng@hotmail.com,2026-06-01,2026-06-11
P0059,(599) 983-6515,johN.jOnEs@gMAIL.COM,2026-02-05,2026-02-28
P0060,4219817448,Bob.dAViDSOn@YAhoo.COM,2026-05-28,2026-06-02
P0061,(240) 757-4855,vanessa.brown@yahoo.com,2025-04-30,
P0062,932.568.8125,Christopher.Jackson@aol.com,2025-10-18,2025-10-19
P0063,(672) 261-4584,david.garcia@aol.com,2025-03-19,2025-04-08
P0064,206.252.2867,Grace#.Smith@outlook.com,2025-12-17,
P0065,3574832967,grace.jones@hotmail.com,2026-05-31,2026-06-16
P0066,(440) 277-5346,jane.rodriguez@yahoo.com,2025-04-28,2025-04-30
P0067,(906) 352-8934,daniella.brown@aol.com,2025-07-08,2025-07-10
P0068,9253812672,john.dAviS@GMaiL.cOM,2026-06-12,2026-06-28
P0069,232-805-9906,RUBY.JACKSON@HOTMAIL.COM,2025-09-16,2025-09-22
P0070,,david.doe@outlook.com,2026-03-11,
P0071,458-482-9453,roger.williams@yahoo.com,2026-02-24,2026-03-03
P0072,821-691-3812,dANeiL.SmIh@GMaIL.CoM,2026-02-23,
P0073,997-954-9116,Grace.Garcia@yahoo.com,2025-03-01,
P0074,731-552-1963,JaNe.LiM@YahoO.cOm,2026-07-27,2026-08-10
P0075,2599221923,Fiona.Smith@hotmail.com,2025-06-08,
P0076,738-771-1302,Nancy.Jackson@yahoo.com,2026-01-05,
P0077,(785) 832-6386,Wendy.Ng@hotmail.com,2026-06-30,
P0078,(227) 389-7064,michelle.kim@gmail.com,,
P0079,502-494-6850,Jasmine.Lee@yahoo.com,2025-04-08,
P0080,488-443-9356,David.Richardson@aol.com,2025-04-01,2025-04-27
P0081,548.765.6631,ailce.rodriguez@yahoo.com,2026-05-23,
P0082,648-666-8538,bob.davis@gmail.com,2026-04-29,2026-05-11
P0083,775-701-4069,,2026-02-13,
P0084,,josephine.smith@hotmail.com,2025-05-21,2025-05-23
P0085,4488992566,Ava.Garcia@outlook.com,2025-08-03,2025-08-16
P0086,424-490-4887,keith.lee@hotmail.com,2026-06-24,2026-07-19
P0087,804-537-8322,timothy.davidson@outlook.com,2026-04-13,2026-04-29
P0088,774.334.2273,Peter.Jones@outlook.com,2025-09-22,
P0089,2222176958,ROGER.WILLIAMS@AOL.COM,2026-01-29,2026-02-15
P0090,487-513-5020,FRank.dOe@YaHOO.COm,2026-05-02,
P0091,6357574482,davId.DoE@hoTMAil.COM,2025-02-23,2025-02-27
P0092,(841) 678-9414,FRANK.WHITE@YAHOO.COM,2026-03-06,
P0093,635-733-2247,grace.young@hotmail.com,2025-06-05,2025-07-04
P0094,(543) 223-4497,Robert.Little@gmail.com,2025-10-06,2025-10-18
P0095,464-336-4494,william.miller@gmail.com,2026-03-26,2026-04-05
P0096,863-526-6008,Charlie.Brown@outlook.com,2025-12-01,2025-12-05
P0097,617.693.5788,Bob.Lee@gmail.com,2026-06-16,2026-07-07
P0098,,grACE.gARcIa@YAHoO.COm,2025-12-31,
P0099,6527014246,paul.smith@gmail.com,2026-08-09,2026-08-14
P0100,,john.white@hotmail.com,2025-11-11,
P0101,3499941957,tHaliA.fErGusOn@GMaiL.CoM,2025-10-17,2025-11-01
P0102,8277215226,jasmine.cooper@outlook.com,2025-05-27,2025-06-08
P0103,3079267785,Frank.Johnson@yahoo.com,2025-11-06,2025-11-19
P0104,429-687-8357,eva.smith@aol.com,2025-08-04,2025-08-24
P0105,639.256.5861,JOHN.RODRIGUEZ@OUTLOOK.COM,2026-06-06,
P0106,(734) 668-6097,PAULINE.SMITH@YAHOO.COM,2025-10-23,2025-10-31
P0107,334-349-4095,Evan.Rodriguez@outlook.com,2025-07-04,2025-07-12
P0108,794-885-9195,Hannah.Davis@yahoo.com,2025-09-26,2025-10-22
P0109,6918144510,rYAN.KiM@oUtlOoK.CoM,2026-08-10,2026-08-19
P0110,407.791.7541,Christine.Baker@yahoo.com,2025-06-21,
P0111,314-515-7391,,2026-05-20,2026-06-09
P0112,2047018270,Harry.Lopez@outlook.com,2025-04-29,
P0113,2822094794,david.perez@yahoo.com,2025-05-29,
P0114,(397) 581-7308,IAN.JONES@YAHOO.COM,2025-08-17,
P0115,779.669.4206,michelle.lee@gmail.com,2025-05-09,
P0116,(521) 475-1029,wendy.doe@gmail.com,2025-05-19,2025-06-09
P0117,(466) 254-4761,louis.lim@outlook.com,2025-12-25,2026-01-21
P0118,617.987.2821,ALICE.DAVIDSON@AOL.COM,2026-06-15,2026-07-03
P0119,753.244.3096,bob.young@aol.com,2026-02-18,2026-03-17
P0120,,Evan.Johnson@gmail.com,2025-05-01,2025-05-30
P0121,621.671.6590,ian.rodriguez@hotmail.com,2025-12-12,2025-12-19
P0122,2193392650,CRAIG.VOLKOV@HOTMAIL.COM,2025-03-19,2025-04-05
P0123,(968) 791-5618,Timothy.Garcia@outlook.com,2026-03-04,
P0124,9492206152,keItH#.WilliAMS@GMAIL.cOm,2026-03-20,
P0125,537-805-5041,fioNA.SMiTH@YaHOO.com,2026-01-31,2026-02-11
P0126,(210) 227-8571,olivia.brown@aol.com,,
P0127,,david.wu@gmail.com,2026-05-03,2026-06-01
P0128,(835) 605-6666,Ryan.Chang@aol.com,2025-03-09,
P0129,6114151501,sally.doe@aol.com,2025-10-31,2025-11-25
P0130,294-595-9453,david.white@outlook.com,2025-03-18,
P0131,360-466-6995,jACk.bRoWn@GMail.cOm,,
P0132,551-580-2541,FRANK.BAKER@YAHOO.COM,2025-08-17,2025-08-24
P0133,509.965.9361,,2026-08-13,2026-08-16
P0134,,ALICE.RODRIGUEZ@OUTLOOK.COM,2026-02-07,
P0135,330.214.8560,Nancy.Miller@hotmail.com,2025-05-24,2025-05-30
P0136,4174925612,WILL.KIM@AOL.COM,,
P0137,689-653-2068,Jane.Cooper@gmail.com,2025-12-16,2026-01-11
P0138,(249) 488-7741,ava.jackson@outlook.com,2026-01-24,2026-02-14
P0139,9654721879,paul.lopez@gmail.com,2025-05-04,2025-05-17
P0140,750-855-7523,IAN.BAKER@AOL.COM,2026-01-19,2026-01-26
P0141,243-952-8378,jane.davis@aol.com,2026-06-17,2026-07-16
P0142,7762514882,AlIce.dAvIS@gMAIl.cOM,2026-02-09,2026-03-02
P0143,822-883-3795,nancy.baker@yahoo.com,2025-03-09,2025-03-31
P0144,(253) 246-5391,christopher.garcia@yahoo.com,2026-07-25,2026-08-07
P0145,246-962-6405,Tina.Rodriguez@outlook.com,2026-01-12,
P0146,409-544-3041,chris.jones@outlook.com,2025-06-17,2025-07-04
P0147,(973) 955-1579,Louis.Rodriguez@hotmail.com,2026-06-20,2026-07-08
P0148,520-349-5349,fiONa.WIllIaMs@OutLooK.COM,2026-02-01,2026-02-05
P0149,953-553-5672,Charlie.Doe@yahoo.com,2026-06-09,2026-06-09
P0150,927-594-9377,grace.rodriguez@hotmail.com,2025-09-12,2025-09-16
P0151,(265) 210-4761,DAvId.chen@hoTMaIL.COM,2026-01-30,2026-02-01
P0152,881-917-1166,james.lee@aol.com,2025-08-06,2025-09-03
P0153,,OliViA.milLeR@YAHOO.cOM,2026-08-17,2026-08-19
P0154,5823756699,pauline.richardson@gmail.com,2025-05-25,2025-06-06
P0155,(888) 949-2653,grace.rodriguez@gmail.com,2025-06-02,
P0156,642-493-6082,sally.white@gmail.com,2025-03-01,2025-03-22
P0157,(921) 549-3807,beatrice.smirnov@outlook.com,2026-08-04,
P0158,318-760-4461,hannah.baker@outlook.com,2026-07-31,
P0159,3464559682,Michelle.Williams@hotmail.com,2026-08-12,2026-08-18
P0160,2493523603,JOHN.SMITH@HOTMAIL.COM,2026-01-24,
P0161,(258) 271-5065,charlie.davidson@aol.com,2025-12-10,2025-12-15
P0162,(266) 930-1523,greg.glover@yahoo.com,2025-04-30,
P0163,828-586-2655,,2026-03-25,2026-03-28
P0164,856.689.3874,frank.johnson@hotmail.com,2026-01-21,2026-02-18
P0165,,,2025-12-15,
P0166,426-737-2131,jane.garcia@aol.com,2025-06-02,2025-06-24
P0167,354-724-7783,HANNAH.WILLIAMS@OUTLOOK.COM,2026-05-11,
P0168,719-685-5443,ThOMas.wU@oUTlOOk.Com,2025-09-30,2025-09-30
P0169,440-203-1114,Jane.Rodriguez@outlook.com,2025-11-09,
P0170,5145543835,john.jones@hotmail.com,2025-07-12,2025-07-19
P0171,9105034050,alice.kim@gmail.com,2025-03-14,
P0172,(763) 292-6134,Ryan.Bush@outlook.com,2025-03-07,
P0173,744-650-8605,Donald.Glover@hotmail.com,2026-06-23,
P0174,2216042304,EVA.DAVIS@OUTLOOK.COM,2025-11-14,
P0175,651.349.5330,TOm.CoOPER@outlOoK.cOM,2025-12-06,
P0176,680.843.9444,Charlie.Little@yahoo.com,2026-02-07,2026-02-19
P0177,629-255-7829,JOHN.BROWN@HOTMAIL.COM,2025-04-08,
P0178,839-952-9338,Grace.Perez@yahoo.com,2026-04-06,2026-04-22
P0179,(484) 463-1719,Jane.Young@outlook.com,2026-04-21,
P0180,(496) 846-9657,miles.wu@hotmail.com,2025-12-15,2026-01-01
P0181,366-517-5547,Christopher.Smith@hotmail.com,2026-08-06,2026-08-19
P0182,(661) 515-5435,david.doe@yahoo.com,2026-08-10,2026-08-19
P0183,779-741-2933,Thomas.Jackson@hotmail.com,2025-10-01,2025-10-21
P0184,(684) 871-6925,frank.wales@hotmail.com,2026-03-28,2026-04-24
P0185,592-833-4206,DAnIEl.gloVEr@hoTMaIl.cOm,2025-08-10,2025-08-19
P0186,978.814.5554,HANNAH.JONES@GMAIL.COM,2026-03-31,2026-04-22
P0187,316-554-2890,rObert.BUsh@ouTLook.COm,,
P0188,779.706.5868,Nancy.Perez@gmail.com,2026-03-05,2026-03-14
P0189,5736366337,Jane.Glover@gmail.com,2026-02-21,
P0190,,Bob.Richardson@gmail.com,2026-01-07,
P0191,(270) 873-3489,tom.ng@aol.com,2025-04-12,2025-04-21
P0192,9025523691,,2025-03-10,2025-04-04
P0193,(543) 559-5813,EVA.CHANG@GMAIL.COM,2025-11-14,2025-11-26
P0194,990-920-5238,Bob_.Jiang@gmail.com,2025-12-20,2026-01-12
P0195,(299) 386-8807,xavier.doe@hotmail.com,2026-02-25,
P0196,836-223-7552,Daniel.Wales@outlook.com,2025-07-29,2025-08-03
P0197,(330) 805-5292,Grace.Ferguson@outlook.com,2025-10-17,2025-11-01
P0198,3056487435,Miles.wIlLiaMs@gMaiL.CoM,2026-08-04,
P0199,(293) 312-3081,Christopher.Cooper@aol.com,,
P0200,,DAVID/.WU@OUTLOOK.COM,2025-04-09,2025-04-30
P0201,(321) 835-2367,THOMAS.JOHNSON@HOTMAIL.COM,2025-09-04,2025-09-24
P0202,462-906-2635,Frank.Smith@hotmail.com,2026-07-27,2026-08-09
P0203,739.803.9531,ian.RicHArDSon@gmAIL.Com,2025-09-29,
P0204,6145823913,charlIe.LIANG@OUtlook.CoM,2026-01-06,
P0205,726-889-2979,keith.brown@gmail.com,2026-02-23,2026-03-10
P0206,9823706986,frank.chan@outlook.com,2026-04-01,2026-04-15
P0207,,olvIA.CHEN@GmAiL.coM,2026-01-02,2026-01-19
P0208,787-717-6491,bob.davis@hotmail.com,2025-03-05,2025-03-05
P0209,864-842-6020,eva.rodriguez@aol.com,2025-12-03,
P0210,276-989-7297,jasmine.chan@yahoo.com,2025-10-15,2025-11-07
P0211,812-502-2220,SALLY.WHITE@AOL.COM,2025-06-21,2025-07-03
P0212,(629) 858-7697,alice.doe@hotmail.com,2026-08-04,
P0213,5117795848,alice.kim@outlook.com,2025-03-03,
P0214,6366875950,david.davidson@gmail.com,2026-01-14,2026-02-12
P0215,290.403.6838,Grace.Rodriguez@hotmail.com,2025-03-10,2025-03-14
P0216,771.245.9208,joshua.brown@gmail.com,2026-01-14,2026-01-25
P0217,(903) 681-3696,ALICE.daVIs@hOtmail.CoM,,
P0218,902-258-7964,PAULINE.RODRIGUEZ@YAHOO.COM,2025-06-02,2025-06-02
P0219,471.584.3761,Michelle.Garcia@yahoo.com,2026-01-25,
P0220,329.747.5892,jane.smith@outlook.com,2025-09-10,2025-09-12
P0221,(910) 721-8075,craig.baker@gmail.com,2025-04-09,2025-04-10
P0222,754-569-9695,frank.rodriguez@aol.com,2025-06-25,2025-07-08
P0223,(540) 703-3103,JASMine.WhiTE@yAhOO.COm,2025-05-25,
P0224,,AlIcE.sHaRp@aOl.Com,2025-06-20,2025-07-10
P0225,4846055126,hANNah.RoDrIGuEZ@aoL.COM,2025-12-02,
P0226,2603229262,timothy.doe@yahoo.com,2026-01-05,
P0227,799-326-9741,Alice.Young@outlook.com,2025-10-03,2025-10-16
P0228,(756) 833-4969,ava.brown@aol.com,2026-04-12,2026-04-19
P0229,493-531-8398,jaCk.marTinez@aoL.COm,2025-05-19,
P0230,443-655-1598,eva.jackson@hotmail.com,2025-03-25,2025-04-11
P0231,(534) 546-7547,frank.doe@aol.com,2025-11-06,2025-11-27
P0232,828-268-3320,TIMOTHY.FERGUSON@AOL.COM,2025-08-05,2025-08-17
P0233,8004518624,betty.glover@gmail.com,2025-07-01,2025-07-07
P0234,368-921-8596,joHn.lIttLe@gMAIl.coM,2025-12-23,
P0235,8875847110,daniella.miller@outlook.com,2025-12-15,2026-01-07
P0236,863.739.9269,Daniel.Chen@aol.com,2025-04-23,2025-05-19
P0237,250-431-1278,Robert.White@aol.com,2025-10-16,
P0238,(412) 348-1299,Tom.Wales@gmail.com,2025-03-26,2025-04-05
P0239,(871) 433-4806,TINA.JOHNSON@OUTLOOK.COM,2025-03-20,2025-04-10
P0240,7189524804,bob.baker@outlook.com,2025-09-30,2025-10-01
P0241,(313) 206-4837,john.doe@gmail.com,2025-09-05,2025-09-06
P0242,8385994847,Alice.White@gmail.com,2026-04-20,2026-04-28
P0243,(499) 501-1356,Eva.Lopez@yahoo.com,2026-07-18,
P0244,,GRAce.Lim@AOl.cOM,2025-12-08,2026-01-05
P0245,(318) 634-8289,OLIVIA.LEE@OUTLOOK.COM,2025-06-20,2025-06-27
P0246,6452958579,Alice.Cooper@aol.com,2025-06-30,2025-07-06
P0247,506-792-5984,charles.wales@aol.com,2026-01-05,
P0248,760-963-1017,FionA.LiaNG@gmaiL.coM,2025-10-20,2025-11-15
P0249,686-740-2774,david.jones@gmail.com,2026-05-01,2026-05-28
P0250,8152224391,David.Doe@outlook.com,2025-12-02,
P0251,968-692-3642,evan.liang@aol.com,2025-09-29,2025-10-21
P0252,694-679-6349,Grace.Cooper@outlook.com,2026-07-17,2026-08-07
P0253,(621) 887-1966,ROBeRT.mArTINez@HOtmaIl.Com,2026-08-05,2026-08-16
P0254,949.333.7180,hannAH.jIAnG@GMAiL.coM,2025-05-15,2025-05-27
P0255,(346) 295-1285,Grace.Rodriguez@gmail.com,2025-06-07,
P0256,(647) 326-7822,Thomas.Volkov@outlook.com,2025-11-26,
P0257,7377947965,Eva.Davidson@gmail.com,2025-11-14,
P0258,565-627-2562,DAVID.LIM@GMAIL.COM,2026-07-10,2026-07-10
P0259,3569743211,,2026-01-04,
P0260,8688507284,Robert.Cooper@gmail.com,2025-03-30,2025-04-07
P0261,727-310-6616,THOMAS.WHITE@OUTLOOK.COM,2025-03-09,2025-03-11
P0262,842-374-4380,craig.jackson@aol.com,2026-06-19,2026-06-19
P0263,844-508-8726,grEg.KIm@HOTmail.coM,2025-09-16,2025-09-16
P0264,(928) 767-9223,FRANK.RICHARDSON@OUTLOOK.COM,2025-11-06,
P0265,815-716-5819,olivia.smith@yahoo.com,2025-06-08,2025-06-12
P0266,726-780-2356,VanesSa.vOlkOv@OutLOok.Com,2026-06-30,2026-07-25
P0267,903.879.7523,ROB.RODRIGUEZ@OUTLOOK.COM,2025-11-15,
P0268,897-241-5727,HARRY.GARCIA@OUTLOOK.COM,2026-08-14,2026-08-19
P0269,503.805.7291,FRANK.MILLER@YAHOO.COM,2026-01-02,2026-01-23
P0270,420.354.6991,tina.rodriguez@yahoo.com,2025-06-05,
P0271,(623) 576-3840,Eva.Brown@outlook.com,2025-04-02,
P0272,338.257.2820,Grace.Jiang@hotmail.com,,
P0273,425-308-3384,Kevin.Cooper@gmail.com,2025-09-10,
P0274,762.313.5831,timothy.garcia@outlook.com,2025-09-04,2025-09-21
P0275,,john.glover@yahoo.com,2025-04-30,2025-05-24
P0276,4998409636,NANCy.sMITH@yaHoO.cOM,2026-01-17,
P0277,2669015890,,2025-03-11,2025-03-27
P0278,941-232-3723,sally.young@yahoo.com,2026-02-07,
P0279,(597) 593-4153,kevin.chan@hotmail.com,2025-09-14,2025-09-14
P0280,2797907766,Olvia.Rodriguez@gmail.com,2026-02-05,
P0281,,daniella.lopez@aol.com,2025-11-07,2025-11-21
P0282,,john.jackson@yahoo.com,2026-06-30,
P0283,241-701-4184,Hannah.Sharp@yahoo.com,2025-05-01,
P0284,544.428.1233,ALIce.LEe@GmAiL.cOm,2026-02-12,2026-02-14
P0285,865-790-2674,Jasmine.Rodriguez@aol.com,2025-12-09,2025-12-14
P0286,759.267.3472,michelle.richardson@aol.com,2025-05-12,
P0287,9049632379,Hannah.Davis@outlook.com,2025-06-20,
P0288,(786) 817-9103,Charlie.Rodriguez@aol.com,2025-05-10,
P0289,851-622-7353,JosePhIne.jOHnSon@oUtLoOk.COM,2026-06-07,2026-07-05
P0290,9673861243,Bob.Smith@aol.com,2025-04-17,2025-04-23
P0291,354.325.6010,Louis.Bush@outlook.com,2025-09-01,2025-09-26
P0292,836-247-2030,Frank.Cooper@hotmail.com,2025-03-25,2025-04-03
P0293,250-684-7255,DAVID.DAVIDSON@AOL.COM,,
P0294,249.519.1520,ava.williams@gmail.com,2026-05-31,
P0295,499.591.2735,Ian.YOung@YAHOo.cOM,2025-10-29,2025-11-06
P0296,(506) 632-8912,AIDAN.RODRIGUEZ@YAHOO.COM,2025-12-07,2025-12-27
P0297,897-743-2212,tom.ng@yahoo.com,2025-04-09,
P0298,(988) 879-5416,pauline.white@outlook.com,2025-09-21,2025-09-23
P0299,518-992-1025,charlie.young@hotmail.com,2026-07-16,2026-08-13
P0300,548-728-9481,John.Martinez@hotmail.com,2025-05-30,2025-06-28
P0301,(558) 506-9390,hannah.miller@outlook.com,2025-09-17,
P0302,751.416.8496,CHARLIE.LITTLE@OUTLOOK.COM,2026-01-23,
P0303,(252) 515-1755,ALICE.PEREZ@GMAIL.COM,2026-05-30,
P0304,797-916-3505,Ryan.Jackson@gmail.com,2025-09-14,2025-10-02
P0305,8089443597,nICholAS.Doe@GmAIL.cOM,2026-04-12,2026-05-03
P0306,649-998-8901,THERESA.JACKSON@GMAIL.COM,2026-05-20,
P0307,214-752-6798,frAnK.JOhNsoN@yaHoO.com,2026-07-22,
P0308,455-923-6482,Harry.Smith@gmail.com,2026-08-01,2026-08-03
P0309,(239) 938-5922,Eva.Lopez@aol.com,2026-03-11,2026-03-26
P0310,2767665386,Olivia.Glover@gmail.com,2026-05-07,2026-05-31
P0311,(284) 696-1880,gRacE.dOE@Gmail.coM,2025-05-22,2025-05-27
P0312,,Timothy.Lee@outlook.com,2026-06-08,2026-07-04
P0313,,bob.white@yahoo.com,2026-01-04,
P0314,4035963375,michelle.johnson@hotmail.com,2026-03-15,2026-04-05
P0315,3936049628,Greg.Lee@aol.com,2026-01-28,2026-02-10
P0316,,JOhn.bAKEr@YaHOO.cOm,2026-01-28,2026-02-25
P0317,992.852.1347,dale.jiang@hotmail.com,2025-09-19,2025-10-06
P0318,(985) 206-9307,,2026-06-02,
P0319,7322207356,GRACE.LEE@GMAIL.COM,2026-03-13,
P0320,(607) 737-9799,DAVID.SMIRNOV@YAHOO.COM,2025-10-07,2025-11-03
P0321,486.319.8157,evA.jaCKSon@Gmail.coM,2025-02-28,
P0322,561-386-7645,theresa.sharp@aol.com,,
P0323,2997503946,alICE.jonES@OUtloOk.CoM,2025-09-22,2025-09-29
P0324,(725) 336-3643,,2026-06-30,
P0325,971-357-6910,NANCY.DOE@YAHOO.COM,2026-04-27,2026-05-05
P0326,730-268-7703,Eva.Davis@hotmail.com,2026-08-13,2026-08-19
P0327,243.922.7127,Charlie.Bush@yahoo.com,2025-09-25,2025-10-09
P0328,6049031955,David.Sun@gmail.com,2025-08-13,2025-09-10
P0329,433-893-7059,Hannah.Wu@aol.com,2025-02-24,2025-03-08
P0330,2247626717,john.sharp@gmail.com,2026-06-04,2026-06-23
P0331,457-424-5454,Felix.Martinez@aol.com,2026-03-30,2026-04-24
P0332,230.592.1772,theresa.jiang@aol.com,2025-10-18,
P0333,5698899224,Eva.Rodriguez@yahoo.com,2025-12-27,
P0334,529-533-2851,grace.glover@aol.com,2025-03-29,
P0335,212.371.2893,michelle.davidson@hotmail.com,2026-02-24,
P0336,375-205-6493,grace.sharp@outlook.com,2025-10-27,2025-11-02
P0337,(766) 706-6052,olivia.jones@gmail.com,2025-12-21,2025-12-25
P0338,8553579217,Wendy.Liang@outlook.com,2025-03-11,
P0339,(611) 658-9936,harry.young@gmail.com,2026-01-03,2026-02-01
P0340,3755772621,Rob.Ferguson@gmail.com,2025-11-07,
P0341,484.666.8965,fiona.lopez@hotmail.com,2025-07-30,
P0342,908-594-7126,Keith.Richardson@hotmail.com,2025-10-16,
P0343,2587628758,ryan.sun@gmail.com,2026-03-16,2026-04-04
P0344,6416277057,Felix.JoHNson@OutLooK.coM,2025-08-25,
P0345,9974323355,greg.chan@gmail.com,2026-07-31,2026-08-05
P0346,399.649.8964,Michelle.Ferguson@yahoo.com,2025-05-25,2025-06-07
P0347,5894032230,grace.lopez@outlook.com,2026-01-05,
P0348,(274) 664-6037,OlIVIA.coOPeR@yaHoO.cOm,2026-05-26,2026-06-20
P0349,272.635.7993,tom.lopez@outlook.com,2025-08-22,2025-08-23
P0350,(391) 329-9932,jane.lee@gmail.com,2025-09-06,2025-10-03
P0351,,David.Chang@outlook.com,2026-01-31,2026-02-06
P0352,486-596-7908,bob.wu@outlook.com,2025-02-22,
P0353,2484413607,frank.perez@yahoo.com,2026-05-31,2026-06-29
P0354,944-820-3303,Jane.Smirnov@outlook.com,2026-03-28,2026-04-12
P0355,483.788.7296,jane.perez@hotmail.com,2025-10-06,2025-10-24
P0356,397-288-6558,grace.brown@hotmail.com,2025-11-29,
P0357,837-223-1769,eva.sun@hotmail.com,2026-03-09,2026-03-12
P0358,882.227.7461,Bob.Jiang@outlook.com,2025-06-04,2025-06-30
P0359,(584) 840-4766,david.miller@gmail.com,2025-08-25,2025-08-26
P0360,565-976-9610,hannah.bAKER@oUtLook.COm,2025-11-07,2025-12-06
P0361,282-695-9545,JoHn.JiaNG@YAHOo.com,2026-04-26,2026-04-27
P0362,372.884.8572,Michelle.Smirnov@aol.com,2025-11-23,
P0363,9359224273,bob.chen@gmail.com,2026-05-16,2026-05-21
P0364,(740) 319-4850,fiona.jackson@yahoo.com,2025-05-30,2025-06-02
P0365,(464) 545-4890,Bob.Ng@aol.com,2025-03-06,2025-03-21
P0366,759-956-1502,,2026-07-10,
P0367,6284473469,ava.miller@outlook.com,2026-03-14,
P0368,5555707053,frANK.vOlKOV@AOl.cOM,2026-04-23,2026-05-15
P0369,228-812-8757,ryan.jones@outlook.com,2025-06-23,
P0370,696-706-8585,felix.little@hotmail.com,2025-05-12,
P0371,8415658244,gRace.lIaNg@Hotmail.CoM,2026-01-01,
P0372,4503439976,THOMAS.RODRIGUEZ@YAHOO.COM,2026-03-15,2026-03-19
P0373,8883223042,Jane.Lee@hotmail.com,2026-04-10,2026-05-04
P0374,7946302106,tom.doe@gmail.com,2025-08-19,2025-08-24
P0375,3943712403,DaVid.JohNsoN@outLooK.com,2026-06-17,
P0376,466-878-3212,hannah.jiang@gmail.com,2025-07-13,2025-07-22
P0377,604-200-3305,tIMOTHY.DaVIS@gMAil.cOm,2025-06-13,2025-07-12
P0378,656.550.2736,EVA.RODRIGUEZ@HOTMAIL.COM,2026-06-02,2026-06-22
P0379,9193115738,FRANK.DAVIDSON@GMAIL.COM,2026-04-08,2026-04-13
P0380,426-963-8660,Ryan.Doe@hotmail.com,2026-05-01,
P0381,481-490-9789,eva.jackson@aol.com,2025-10-26,
P0382,789.458.2688,alice.doe@gmail.com,2025-12-24,2026-01-06
P0383,327-711-6602,IAN.GARCIA@GMAIL.COM,2026-05-23,2026-06-17
P0384,(727) 228-5740,Eva.Brown@gmail.com,2026-07-05,
P0385,,Jane.Doe@aol.com,2026-01-22,
P0386,(699) 790-1429,Sally.Davis@hotmail.com,2025-08-25,2025-09-19
P0387,666-880-4851,David.Chen@gmail.com,2025-03-25,
P0388,7566901138,louis.cooper@aol.com,2025-06-20,2025-06-30
P0389,2586465088,Olivia.Baker@yahoo.com,2025-09-13,
P0390,832.691.5363,daVid.jOnES@HOTMail.com,2025-05-22,2025-06-01
P0391,(400) 652-4066,Daniel.Wu@outlook.com,2025-07-13,2025-07-22
P0392,(233) 710-5059,FRANK.JACKSON@OUTLOOK.COM,2025-08-13,
P0393,(270) 508-7654,kylie.richardson@yahoo.com,2025-05-30,2025-06-27
P0394,4572814968,HANNAH.JONES@OUTLOOK.COM,2026-02-25,2026-03-01
P0395,,wendy.lopez@gmail.com,2026-06-30,2026-07-21
P0396,834-350-7706,DavId.roDrIGUEZ@yAhoO.Com,2025-08-14,
P0397,224.760.6737,alice.cooper@gmail.com,2026-03-28,
P0398,(296) 339-8808,JaNe.sMIth@gmAil.coM,2025-05-21,2025-06-01
P0399,835.697.9900,AVA.GARCIA@GMAIL.COM,2026-06-12,2026-07-06
P0400,722-360-5230,betty.miller@yahoo.com,2025-06-10,2025-07-03
P0401,485.468.3000,Jane.Sun@outlook.com,2025-05-20,2025-06-01
P0402,790-212-8732,David.Cooper@hotmail.com,2026-07-05,2026-08-01
P0403,(738) 265-9278,,2025-05-12,
P0404,(242) 694-1193,jane.rodriguez@hotmail.com,2025-05-19,2025-06-05
P0405,591-596-9935,Nancy.Little@yahoo.com,2025-10-25,2025-11-19
P0406,2987968843,pauline.rodriguez@aol.com,2026-08-17,
P0407,(868) 417-4258,hannah.sharp@hotmail.com,2026-02-26,
P0408,807-610-7553,craig.jones@yahoo.com,2026-07-10,
P0409,6945134661,greg.jones@outlook.com,2025-03-15,
P0410,(270) 982-2431,BOB.WHITE@HOTMAIL.COM,2025-05-24,2025-06-15
P0411,771.962.3154,Keith.Doe@gmail.com,2026-05-10,
P0412,490-565-8828,Eva.Baker@aol.com,2026-05-29,2026-06-27
P0413,761.832.8167,fiona.chan@hotmail.com,2025-07-11,
P0414,6173064713,haNnAH.shArp@OutlOOK.Com,2025-12-10,
P0415,6067323760,JOSEphine.wilLiAMS@hOtmAIl.CoM,2026-07-04,2026-07-13
P0416,6395268762,Christine.Cooper@outlook.com,2026-03-08,2026-03-11
P0417,2988099466,felix.lopez@aol.com,,
P0418,5592384406,Ian.Brown@hotmail.com,2025-10-11,2025-10-22
P0419,329-540-4390,RYAN.LEE@OUTLOOK.COM,2026-02-18,2026-03-06
P0420,5025872456,Tina.Doe@aol.com,2026-02-04,
P0421,3996044719,harry.perez@outlook.com,2025-06-09,
P0422,(633) 746-3918,Hannah.Lim@gmail.com,2026-03-15,2026-04-12
P0423,(282) 383-6614,eva.davis@hotmail.com,2025-12-21,
P0424,509.403.6848,loUIs.fERgusOn@GmAIl.cOM,2026-01-24,2026-02-17
P0425,2297691240,TimOThy.Wu@GmAil.Com,2025-08-19,
P0426,444-299-5003,alice.cooper@yahoo.com,2026-07-23,
P0427,6673468651,jack.lopez@gmail.com,2026-02-08,2026-02-09
P0428,(552) 303-2054,JANe.GlovER@gmail.Com,2025-09-04,2025-09-05
P0429,6084662658,joshua.miller@outlook.com,2026-08-02,2026-08-14
P0430,2729715597,,2026-02-05,
P0431,9379818095,dale.glover@gmail.com,2025-07-07,2025-07-18
P0432,395-644-3851,hannah.bush@outlook.com,2026-01-21,2026-02-01
P0433,,Alice.Young@hotmail.com,,
P0434,(495) 520-3274,robert.jones@outlook.com,2025-09-07,2025-10-02
P0435,,ashley.young@yahoo.com,2025-04-29,
P0436,403.947.9329,,2026-06-01,
P0437,,fRank.BrOwn@oUtlOoK.coM,2026-03-28,2026-04-04
P0438,9826128404,John.Doe@yahoo.com,2025-03-04,
P0439,4188456543,wendy.kim@yahoo.com,2026-05-11,2026-05-22
P0440,678-303-9712,miles.lim@aol.com,2025-10-31,2025-11-10
P0441,773-658-8901,MARY.daVIs@gmAiL.Com,2026-05-21,2026-06-02
P0442,(905) 943-7630,David.Smith@yahoo.com,,
P0443,6676695314,AIdAn.wiLliAMS@aol.COM,2026-06-23,2026-07-07
P0444,,jack.brown@aol.com,2025-12-23,2025-12-23
P0445,(445) 821-6165,Jane.Ng@outlook.com,2025-09-30,
P0446,243.896.2736,Frank.Wu@outlook.com,2025-05-16,
P0447,(878) 965-1702,victor.miller@hotmail.com,,
P0448,(672) 969-9579,charlotte.jones@outlook.com,2025-11-08,2025-11-10
P0449,2514362130,olivia.chen@hotmail.com,2025-08-15,2025-09-13
P0450,(302) 404-6612,Gregory.Chang@yahoo.com,2025-09-02,2025-09-28
P0451,,lisa.liang@yahoo.com,2026-04-14,2026-04-17
P0452,8792033354,kylie.smith@gmail.com,2026-03-05,
P0453,7533573361,pauline.sharp@aol.com,2025-10-17,2025-11-04
P0454,5446308099,,2025-12-17,2025-12-28
P0455,367.767.1876,wendy.doe@hotmail.com,2025-04-10,2025-04-28
P0456,(649) 523-8537,joshua.jones@outlook.com,2025-05-11,2025-05-26
P0457,,FRANK.DAVIS@HOTMAIL.COM,2025-10-13,2025-10-30
P0458,339-723-5906,tina.richardson@outlook.com,2025-08-11,
P0459,3187222505,Grace.Johnson@hotmail.com,,
P0460,503-730-2394,HANnAH.roDrigUEz@yahoO.cOm,2026-04-01,
P0461,2062854656,betty.volkov@gmail.com,2025-03-18,2025-04-08
P0462,578.274.3226,John.Rodriguez@yahoo.com,2025-09-23,
P0463,205-641-4523,ashley.cooper@yahoo.com,2025-12-26,
P0464,,eva.garcia@aol.com,2026-05-27,2026-06-14
P0465,6577635842,hannah.miller@hotmail.com,2026-02-28,2026-03-22
P0466,861.253.6390,alice.rodriguez@yahoo.com,2025-04-17,
P0467,513-572-7358,EVA.SMITH@YAHOO.COM,2025-07-27,2025-08-17
P0468,8758296593,dale.chang@yahoo.com,2026-06-09,2026-06-29
P0469,8472498699,jANE.RODrIGUeZ@gMaiL.coM,2026-06-10,2026-06-28
P0470,404.982.2037,FIONA.WILLIAMS@HOTMAIL.COM,,
P0471,9182525320,hannah.lee@outlook.com,2025-11-20,
P0472,(316) 746-6086,JOsepHiNE.dOE@HOTMaiL.COm,2025-11-09,2025-11-14
P0473,701-261-7480,Christine.Perez@outlook.com,2026-03-26,2026-04-16
P0474,7657257784,jane.johnson@hotmail.com,2025-09-20,2025-10-02
P0475,731-526-2322,ian.miller@aol.com,2026-05-27,
P0476,9388619239,MICHELLE.YOUNG@GMAIL.COM,2025-09-09,
P0477,5804419155,Aidan.rodRiGuEz@Yahoo.com,2025-06-16,2025-07-09
P0478,(357) 590-4859,BETTY.JACKSON@HOTMAIL.COM,,
P0479,412.754.1582,Hannah.Garcia@yahoo.com,2025-11-10,2025-11-18
P0480,(366) 978-5505,thOmAs.SmitH@Aol.COM,2026-02-28,
P0481,,John.Bush@gmail.com,2026-06-08,2026-06-22
P0482,347-460-6563,Timothy.Doe@yahoo.com,2025-04-04,
P0483,6805628543,OLIVIA.RODRIGUEZ@HOTMAIL.COM,2026-03-26,2026-04-16
P0484,6154802761,VANEssa.loPEz@YaHOo.cOM,2026-04-12,
P0485,667-761-3029,GRacE.glOvEr@OuTlOok.coM,2026-07-28,
P0486,(744) 591-6626,Frank.Little@outlook.com,2025-09-30,2025-10-16
P0487,239-304-7736,daniel.sharp@hotmail.com,2025-06-01,2025-06-30
P0488,8347351169,jaNe.rOdRiGueZ@OuTlOOk.cOM,2025-09-02,2025-09-25
P0489,797-495-3063,lISA.davIDSon@hOtMAIL.cOm,2025-05-08,
P0490,829-729-2390,haRry.SMIRNov@Outlook.COm,2026-08-07,2026-08-19
P0491,717-232-9890,FRANK.FERGUSON@AOL.COM,2025-10-24,
P0492,2878053956,,2025-12-18,2025-12-29
P0493,491-255-3720,Felix.Lee@hotmail.com,2025-10-08,2025-10-15
P0494,907-865-1774,josephine.jones@gmail.com,2025-12-02,2025-12-19
P0495,517-813-6635,Bob.sHArp@GMAil.CoM,2025-06-27,
P0496,647-939-3053,vanessa.johnson@yahoo.com,2025-07-15,2025-07-26
P0497,601-644-1848,hannah.doe@hotmail.com,2026-05-11,
P0498,490-449-2797,ViCtOrIA.RIchArDSoN@outLoOK.Com,2025-10-21,
P0499,(610) 476-6310,hANNaH.gArciA@oUTLook.coM,2025-11-23,
P0500,(747) 460-4232,viCTORia.JIAnG@aol.cOM,2026-03-23,2026-04-07
P0501,(987) 787-3781,WEnDY.wiLLIAMs@GmAil.COM,2025-12-16,2025-12-23
P0502,(247) 595-2221,Mary.Garcia@gmail.com,2025-07-05,2025-07-10
P0503,9525585202,,2026-07-10,
P0504,376-293-7461,bob.doe@yahoo.com,2025-11-04,2025-11-11
P0505,5065469669,hannah.doe@hotmail.com,2025-02-23,2025-02-24
P0506,893.599.8197,michelle.brown@aol.com,2026-01-04,2026-01-17
P0507,478-336-8225,,2025-05-05,
P0508,874-855-5394,Victor.Rodriguez@hotmail.com,2025-11-15,2025-12-14
P0509,636-952-2699,JoHn.DaVIs@gmAIL.COM,2025-08-20,2025-09-08
P0510,7157854700,bob.davidson@gmail.com,2026-02-08,2026-02-22
P0511,427.421.5201,jane.lopez@aol.com,2025-10-15,2025-11-05
P0512,586-652-9051,,2026-07-01,
P0513,626.439.7134,jack.wu@gmail.com,2025-08-31,
P0514,678-840-8335,betty.bush@outlook.com,2025-03-10,
P0515,3169945737,bob.jones@outlook.com,2026-03-04,
P0516,(432) 665-6518,bob.davis@outlook.com,,
P0517,3139463007,ashley.williams@hotmail.com,2026-02-04,
P0518,(494) 207-7585,TiNA.pERez@AOl.COm,2025-10-20,2025-11-04
P0519,650.765.4777,jane.rodriguez@hotmail.com,2025-03-10,
P0520,615-848-4963,Jasmine.Ferguson@aol.com,2026-04-04,2026-04-06
P0521,2177451272,victoria.smith@yahoo.com,2025-03-15,
P0522,628-847-8474,thomas.garcia@yahoo.com,2025-02-24,2025-03-05
P0523,355.477.6214,kylie.miller@aol.com,2026-07-16,2026-07-18
P0524,329-417-5807,ryan.perez@aol.com,2025-09-27,
P0525,703-259-9674,Olivia.Sharp@gmail.com,2025-03-16,2025-03-23
P0526,650-699-4563,Eva.SmIrNOV@YAhOO.com,2026-05-09,2026-05-22
P0527,(965) 756-8795,Jane.Liang@outlook.com,2025-11-26,2025-12-23
P0528,(268) 751-4670,Thomas.Glover@hotmail.com,2025-03-01,2025-03-01
P0529,2156012268,RYAN.BROWN@YAHOO.COM,2025-03-03,2025-03-21
P0530,627.505.2490,gRACe.wiLlIaMS@yAHOo.cOm,2025-12-03,
P0531,400.232.7614,ALICE.SMITH@AOL.COM,2026-02-14,2026-03-07
P0532,(432) 668-9245,LISA.DAVIDSON@GMAIL.COM,2025-02-23,2025-02-27
P0533,(672) 445-6395,John.Rodriguez@hotmail.com,2025-05-18,
P0534,(968) 253-5562,Jane.Chang@gmail.com,2026-01-27,2026-02-17
P0535,815-861-4079,DANIELLA.BUSH@AOL.COM,2026-05-07,
P0536,(845) 529-9116,Eva.Cooper@yahoo.com,2025-09-26,2025-10-01
P0537,9027484666,AVA.RODRIGUEZ@HOTMAIL.COM,2025-11-19,
P0538,,charlie.baker@gmail.com,2026-02-14,
P0539,3237394879,PauLInE.WU@aOl.com,2026-07-04,
P0540,,michelle.jones@gmail.com,2025-08-04,
P0541,(299) 643-9052,ALICE.MILLER@OUTLOOK.COM,2026-07-14,2026-08-08
P0542,477-790-3526,steven.campbell@yahoo.com,2025-05-27,
P0543,7715073163,deborah.morris@aol.com,2025-12-22,2026-01-20
P0544,9629321332,wILLiAm.ThOMpSOn@gmail.COm,2026-05-30,
P0545,786-283-1604,,2025-07-01,2025-07-20
P0546,2909161518,timothy.cruz@outlook.com,2026-07-24,
P0547,8599688956,christine.peterson@aol.com,2026-07-27,2026-08-25
P0548,571-973-2928,kenneth.sanchez@hotmail.com,2025-12-20,2026-01-17
P0549,286-645-8145,scoTT.ORTiz@HOTMAIl.com,2026-08-29,
P0550,845-585-5975,Angela.Collins@aol.com,2026-06-16,2026-07-04
P0551,901.644.4659,linDA.wilSoN@oUTLOok.CoM,2025-10-09,
P0552,4407412407,Charles.Campbell@hotmail.com,2025-08-02,2025-08-09
P0553,(536) 738-9206,paTricIA.RIVErA@oUTlOok.coM,2026-05-18,2026-05-27
P0554,(989) 258-6022,Brenda.Cruz@aol.com,2026-07-27,
P0555,263-347-7650,carolyn.parker@aol.com,2025-03-10,
P0556,(636) 593-5394,Shirley.Davis@yahoo.com,2026-04-13,2026-05-07
P0557,(910) 888-7603,catherine.gomez@hotmail.com,2025-09-24,
P0558,(549) 729-4774,jEsSiCa.roBERtS@GMaIl.CoM,2025-07-25,2025-08-17
P0559,(421) 949-1140,FraNk.ScOtT@hOTMaIL.coM,2025-11-11,2025-11-28
P0560,4344283017,,2026-05-02,2026-05-27
P0561,935.525.6014,Nancy.Taylor@yahoo.com,2025-08-31,2025-09-26
P0562,6118073448,Amy.Anderson@yahoo.com,2025-06-01,
P0563,749.907.1088,Brandon.Peterson@yahoo.com,2025-10-09,2025-10-25
P0564,5105845059,stEveN.cHAvez@GmAiL.cOM,2025-03-22,2025-04-20
P0565,759-580-8759,Amy.Ruiz@hotmail.com,2025-09-15,2025-10-11
P0566,,Mark.Rogers@hotmail.com,,
P0567,782-707-2981,Scott.Williams@outlook.com,2025-08-11,
P0568,947-890-4520,Charles.Scott@aol.com,2025-11-20,2025-12-15
P0569,4368669488,amY.fLOReS@YAHoO.cOm,2026-03-14,
P0570,394-851-9906,mAtThew.hilL@GMAIl.com,2025-08-02,
P0571,902.602.6952,larry.smith@gmail.com,2026-07-11,2026-07-25
P0572,(788) 856-8983,laura.bailey@aol.com,2026-05-24,2026-06-04
P0573,2952112248,Patricia.James@hotmail.com,2026-03-05,2026-03-19
P0574,(503) 364-6367,kAthlEEN.kelLY@HOTMAIl.CoM,2026-06-25,
P0575,6126504954,,2025-07-26,2025-08-16
P0576,816-651-7778,kAReN.gUtIERrez@HOtMAIl.CoM,2026-01-17,
P0577,(269) 572-8995,Nicholas.Lee@gmail.com,2026-02-02,2026-02-28
P0578,7075213628,benjamin.ramirez@aol.com,2025-03-25,2025-04-09
P0579,394-899-3919,paul.cox@outlook.com,2025-06-10,2025-07-02
P0580,,JACK.BENNETT@YAHOO.COM,2025-06-16,2025-07-14
P0581,848-780-9933,Janet.Wood@aol.com,2026-03-19,2026-04-14
P0582,379.708.1111,Rachel.Hughes@yahoo.com,2026-01-07,
P0583,(675) 876-8490,Nancy.Hall@aol.com,2025-11-24,
P0584,3293559924,mary.murphy@outlook.com,2025-06-13,
P0585,(955) 573-2094,kImBeRLY.garcIa@oUtlOOk.COM,2026-04-21,2026-04-24
P0586,(224) 807-3536,angela.bailey@hotmail.com,2025-06-26,2025-07-18
P0587,(541) 498-8481,Anthony.Anderson@hotmail.com,2026-01-01,2026-01-03
P0588,9672354802,Helen.Ruiz@yahoo.com,2026-06-11,2026-06-20
P0589,(944) 251-7277,maria.adams@gmail.com,2026-01-24,2026-02-03
P0590,267-398-2116,Matthew.Allen@outlook.com,2025-03-06,2025-03-22
P0591,774.232.2619,Jessica.White@aol.com,2025-08-18,2025-08-19
P0592,647.732.3062,sandra.hughes@outlook.com,2026-07-05,2026-08-02
P0593,3287174273,patrick.lee@hotmail.com,2026-08-24,
P0594,(661) 256-1294,catherine.morgan@outlook.com,2025-10-29,2025-11-11
P0595,(613) 220-4464,liSA.alVaRez@YAHOo.COm,2025-10-14,
P0596,544-549-5646,charles.lopez@yahoo.com,2026-03-17,
P0597,7109196582,thomas.alvarez@hotmail.com,2025-11-29,2025-12-26
P0598,5883791148,Paul.Watson@hotmail.com,2025-11-06,
P0599,208.869.2917,barbara.torres@gmail.com,2025-04-10,2025-05-08
P0600,254.569.7744,donna.richardson@outlook.com,2026-04-05,2026-04-16
P0601,561.202.5661,joshua.brown@gmail.com,2026-08-11,2026-08-16
P0602,2004376937,elizabeth.reyes@yahoo.com,2025-08-06,2025-08-31
P0603,475-728-2999,AnNa.miLLEr@hOtmaIl.cOM,2026-01-19,2026-01-27
P0604,401.927.3780,barbara.moore@aol.com,2025-06-12,
P0605,(912) 707-7079,amAnDA.HaRris@gmaiL.com,2025-03-31,2025-03-31
P0606,896-809-3302,Gregory.Hall@gmail.com,2025-11-03,2025-11-07
P0607,(731) 441-4599,Thomas.Hill@aol.com,2026-06-19,2026-06-22
P0608,897-837-7852,Gary.Phillips@yahoo.com,2026-02-13,2026-02-20
P0609,431-321-9249,amy.king@outlook.com,2025-08-09,2025-08-15
P0610,840.303.5313,beNjaMin.moore@GMail.COM,2025-03-25,2025-03-29
P0611,(608) 745-5242,linda.anderson@outlook.com,2026-07-07,2026-08-01
P0612,569-568-7354,Sandra.Young@gmail.com,2026-02-10,2026-02-27
P0613,861-341-5561,stephanie.gutierrez@aol.com,2025-03-31,2025-04-23
P0614,(500) 363-2628,Brenda.Ward@yahoo.com,2025-10-13,
P0615,,laura.wilson@aol.com,2025-11-29,2025-12-03
P0616,6998636357,rachel.morales@gmail.com,2026-05-07,
P0617,651-997-6720,NANCY.COOK@GMAIL.COM,2026-05-14,
P0618,535-208-2220,Steven.Bennett@gmail.com,,
P0619,541-542-5000,debra.rodriguez@outlook.com,2026-07-31,2026-08-15
P0620,,DEBORAH.MYERS@GMAIL.COM,2025-05-17,
P0621,584-311-1628,kimbERly.WaRD@HOTMail.coM,2026-07-25,
P0622,628-532-4351,DONALD.RAMOS@AOL.COM,2025-10-25,2025-11-17
P0623,981.799.9715,Sandra.Cooper@hotmail.com,2025-08-06,
P0624,912.591.1763,Nicole.Clark@yahoo.com,2025-08-20,2025-09-10
P0625,2525527124,,2025-04-16,2025-05-11
P0626,(241) 730-5214,susan.harris@aol.com,2025-07-29,
P0627,438-241-4815,heather.evans@outlook.com,2025-10-29,2025-11-11
P0628,629-802-9527,GREGORY.WALKER@YAHOO.COM,,
P0629,(966) 670-6187,Barbara.Gomez@outlook.com,2025-11-18,2025-12-10
P0630,(620) 975-6389,amanda.lewis@aol.com,2026-06-14,
P0631,919-299-2302,tHomaS.FLOres@aoL.cOM,2026-07-10,
P0632,(606) 427-3632,kathleen.flores@hotmail.com,2025-03-25,
P0633,4003143270,ALEXANDER.RUIZ@GMAIL.COM,2026-07-14,2026-08-03
P0634,711-628-8265,Scott.Ortiz@hotmail.com,2026-05-07,
P0635,8145088617,LISA.WHITE@OUTLOOK.COM,2026-07-26,
P0636,5455432513,JACK.COX@HOTMAIL.COM,2025-09-16,
P0637,(774) 494-2723,heather.patel@hotmail.com,2026-03-28,
P0638,8247182105,BArBara.RAmoS@Outlook.Com,2026-03-25,2026-03-29
P0639,3397351994,Ruth.Martinez@yahoo.com,2026-01-03,2026-01-25
P0640,575-215-7612,aNNa.reYeS@ouTlOOK.cOM,2026-03-31,2026-04-12
P0641,744-664-9246,Michelle.Edwards@outlook.com,2026-07-09,2026-07-30
P0642,5103626470,kenneth.morales@yahoo.com,2025-05-24,
P0643,925-288-1086,Andrew.RobInsON@GMAiL.cOM,2025-09-07,2025-09-12
P0644,,,2025-08-05,2025-08-13
P0645,440-652-9989,benjamin.gonzalez@gmail.com,2025-11-08,2025-11-13
P0646,(492) 964-1005,DONALD.RICHARDSON@GMAIL.COM,2025-05-05,2025-06-02
P0647,740-592-5849,Amy.White@gmail.com,2025-05-11,2025-05-12
P0648,(720) 757-9403,tHOmaS.NELsON@Aol.Com,,
P0649,869-881-2603,,2025-05-18,2025-05-21
P0650,3482554871,Emily.James@hotmail.com,2026-01-01,2026-01-21
P0651,306-723-2784,gregory.green@yahoo.com,2025-08-24,2025-09-21
P0652,237.948.6753,Maria.Richardson@aol.com,2026-07-18,2026-07-29
P0653,797.542.5184,frank.castillo@aol.com,2025-04-23,2025-04-29
P0654,8703067841,GARY.ORTIZ@AOL.COM,2026-02-04,2026-02-15
P0655,5457547757,CAROL.WILSON@AOL.COM,2025-05-14,
P0656,6558311380,DAVID.ANDERSON@AOL.COM,2025-11-06,
P0657,490-540-2812,Gregory.White@outlook.com,,
P0658,389-539-6385,jennifer.morris@hotmail.com,2025-06-12,
P0659,(615) 545-2238,,2025-10-17,2025-10-19
P0660,256-444-7202,,2025-06-04,2025-06-15
P0661,,HELEn.THOMas@OutlOok.CoM,2025-09-09,
P0662,3242836662,Samantha.Ruiz@outlook.com,2025-03-11,
P0663,(417) 655-7976,eric.nelson@aol.com,2025-12-20,2026-01-18
P0664,428-723-2134,George.Thomas@yahoo.com,2025-12-28,2026-01-08
P0665,7049683187,JOSEPH.HUGHES@HOTMAIL.COM,2025-09-16,2025-09-21
P0666,863-869-7030,ashley.evans@yahoo.com,2025-10-19,2025-11-15
P0667,(705) 311-9390,Frank.Moore@hotmail.com,2026-07-25,2026-07-31
P0668,430-925-4002,James.Jimenez@gmail.com,2026-01-10,
P0669,739-258-3829,michelle.brown@gmail.com,2026-03-10,
P0670,(669) 883-1213,Justin.Scott@gmail.com,2025-07-31,2025-08-19
P0671,5739392140,Benjamin.Robinson@hotmail.com,2025-08-25,2025-08-28
P0672,386-569-6261,jack.williams@gmail.com,2026-07-14,
P0673,,KATHLEEN.CHAVEZ@YAHOO.COM,2025-12-03,
P0674,(958) 922-4685,linda.chavez@yahoo.com,2026-06-30,
P0675,(520) 898-5815,Patricia.Roberts@gmail.com,2026-05-27,2026-06-05
P0676,(259) 216-1446,Samuel.Reed@aol.com,2025-06-29,2025-07-05
P0677,570-309-2291,edward.morgan@yahoo.com,2026-01-20,
P0678,6719301946,SamUEl.thoMas@YaHoo.COM,2025-08-04,2025-08-05
P0679,(733) 512-9616,Sarah.Hernandez@outlook.com,2025-06-22,2025-07-12
P0680,(294) 428-2313,,2025-11-16,2025-12-02
P0681,263-973-9302,edward.evans@outlook.com,2026-04-26,
P0682,(410) 356-9965,MAry.WHITe@oUTLooK.COm,2025-12-31,2026-01-19
P0683,6992099278,melissa.chavez@gmail.com,2025-12-14,2026-01-03
P0684,(814) 961-6232,Catherine.Peterson@gmail.com,2025-11-05,
P0685,(881) 539-6242,ALEXANDER.RUIZ@OUTLOOK.COM,2026-02-12,2026-02-13
P0686,924-323-2053,ALExanDer.TAYLOR@OutLoOK.Com,,
P0687,213.825.8785,sharon.harris@outlook.com,2026-04-08,2026-04-30
P0688,370-760-2201,jennifer.james@hotmail.com,2025-09-21,2025-10-06
P0689,864.969.3614,cynthia.hall@aol.com,2026-01-02,
P0690,482.483.4001,pamela.smith@hotmail.com,2026-08-28,
P0691,6427532990,Ashley.Martin@gmail.com,,
P0692,756.606.7414,william.torres@hotmail.com,2025-06-24,2025-07-11
P0693,238.488.2254,jonathan.nelson@aol.com,2025-03-19,2025-04-09
P0694,993.975.1110,Amanda.Clark@hotmail.com,2026-06-24,2026-06-27
P0695,(494) 421-2905,larry.hernandez@outlook.com,2025-10-03,2025-10-29
P0696,808-273-5899,BRIAN.HOWARD@OUTLOOK.COM,2025-07-27,2025-07-28
P0697,306-716-2088,NICOLE.ROBERTS@AOL.COM,2026-08-10,2026-08-20
P0698,(934) 438-4196,STEVEn.gARCiA@AOL.CoM,2025-08-18,2025-09-08
P0699,501-670-8093,EDwaRD.MITCHell@gmaIL.COm,2025-11-29,2025-12-07
P0700,(539) 653-5579,amanda.harris@yahoo.com,2026-06-19,2026-07-01
P0701,7168008948,ASHLEY.FLORES@YAHOO.COM,2026-04-15,2026-05-13
P0702,951-927-6260,Stephanie.White@hotmail.com,2025-12-21,2025-12-30
P0703,(954) 554-9368,JUstiN.nelSON@HOTmaIl.coM,2026-04-18,2026-04-30
P0704,441-963-6980,nanCy.GArcIA@yaHOO.COM,2025-05-20,
P0705,2463179033,kimberly.anderson@hotmail.com,2026-07-07,2026-07-08
P0706,2932152729,RebeCca.GoMeZ@GmaIl.coM,2025-07-20,
P0707,569.835.9987,Ronald.Kim@outlook.com,2025-08-09,2025-08-19
P0708,6478656850,,2026-07-02,2026-07-19
P0709,322-950-1913,gRegory.GOmEZ@GMAil.COm,2025-09-14,2025-10-02
P0710,7124522161,JoshUA.lEE@aOL.cOm,2026-01-19,2026-02-10
P0711,231-791-1751,steven.baker@gmail.com,,
P0712,824-593-1027,RUTH.ALLEN@OUTLOOK.COM,2025-05-06,
P0713,618.480.1602,,2025-08-13,2025-09-03
P0714,987-838-4572,WILLIAM.MORGAN@HOTMAIL.COM,2025-10-13,2025-10-19
P0715,,larry.hernandez@outlook.com,2026-03-12,2026-04-04
P0716,765-705-9851,JOHN.CAMPBELL@YAHOO.COM,2026-03-28,2026-04-01
P0717,(715) 252-1940,jeffrey.taylor@outlook.com,2026-04-21,2026-05-01
P0718,892-791-7649,juSTIN.aLLeN@hOTMAiL.cOm,2026-07-20,
P0719,670-752-1256,Edward.Sanders@aol.com,2025-12-24,
P0720,580-557-1700,cAROLYN.fosTER@OutLOOk.cOm,2025-03-19,2025-03-19
P0721,604.839.9204,maria.hernandez@hotmail.com,2025-05-26,2025-05-27
P0722,687-759-2399,jEfFReY.RIchARDSon@hOTMAil.COM,,
P0723,2215147761,donald.hill@aol.com,2026-06-26,
P0724,844-331-6458,nicole.lopez@aol.com,2026-08-05,2026-08-08
P0725,(919) 438-2705,Richard.White@aol.com,2026-06-30,2026-07-09
P0726,424.273.2615,KaThlEen.MILLeR@gmaIl.CoM,2026-04-28,2026-05-24
P0727,264-833-2400,joseph.roberts@outlook.com,2025-10-11,
P0728,6146093380,carolyn.taylor@gmail.com,2026-01-27,
P0729,996-473-2429,susan.ward@yahoo.com,2025-09-18,
P0730,715.386.3935,dOnALD.loNg@GmAil.com,2025-03-09,2025-03-29
P0731,(376) 608-8588,CAROLYN.MORALES@YAHOO.COM,2025-04-03,2025-04-23
P0732,(278) 673-3781,MARK.REED@AOL.COM,2026-07-26,2026-08-21
P0733,925-995-4522,cynthia.adams@yahoo.com,2026-04-08,2026-04-17
P0734,520.858.7510,Justin.Mendoza@outlook.com,2026-03-31,
P0735,6624973474,DONALD.COOK@YAHOO.COM,2025-11-16,
P0736,832.704.3167,samuel.bennett@hotmail.com,2026-05-17,2026-05-17
P0737,(327) 855-4672,Rebecca.Anderson@gmail.com,2026-06-15,2026-06-22
P0738,(885) 936-4008,charles.robinson@outlook.com,2026-02-02,
P0739,941-229-8691,raymOnD.chaVez@oUTLoOK.COm,2025-07-10,2025-07-25
P0740,4628436684,CAROLYN.NGUYEN@OUTLOOK.COM,2026-01-08,
P0741,9189559679,Steven.Mendoza@outlook.com,2025-05-23,2025-05-31
P0742,(287) 767-3752,rebecca.cook@outlook.com,2025-11-05,2025-11-21
P0743,,Kimberly.Watson@aol.com,,
P0744,540-739-9580,Stephanie.Gonzalez@gmail.com,,
P0745,(296) 548-6247,Gary.Wilson@gmail.com,2025-09-21,2025-10-03
P0746,3762741471,Deborah.Hughes@outlook.com,2026-06-11,2026-06-29
P0747,8116581250,Catherine.Lewis@yahoo.com,2025-04-09,2025-04-24
P0748,5286293564,Christopher.Evans@gmail.com,2026-06-13,2026-07-10
P0749,(210) 924-4413,BarbARA.RoGeRs@yaHOo.com,2026-01-05,2026-01-06
P0750,(721) 267-7980,ANTHONY.ADAMS@AOL.COM,2026-06-07,
P0751,409-540-6325,Sarah.Kelly@hotmail.com,2026-01-28,2026-02-12
P0752,(622) 698-7198,Charles.Young@hotmail.com,2026-07-24,2026-08-03
P0753,(954) 812-4230,ErIC.eVans@hotmAIl.CoM,2026-07-29,2026-08-07
P0754,9575987584,michaEl.RicHaRdSon@gMaiL.cOm,2025-08-09,2025-08-19
P0755,498-578-3881,bReNDA.GutIeRrEz@aoL.coM,2025-11-27,2025-12-26
P0756,8377788745,RICHARD.GUTIERREZ@YAHOO.COM,2025-11-07,2025-12-06
P0757,676-499-8073,Jerry.Watson@yahoo.com,2025-09-13,
P0758,591-587-8910,anna.gonzalez@yahoo.com,2026-02-13,
P0759,7937808338,brian.rodriguez@yahoo.com,2026-01-27,2026-02-09
P0760,7753599758,sandra.hall@hotmail.com,2025-06-24,2025-07-23
P0761,,sharon.bailey@gmail.com,2026-08-24,2026-09-01
P0762,693-553-7226,Christopher.Jones@outlook.com,2025-03-11,2025-03-30
P0763,(712) 932-6465,GEORGE.PHILLIPS@GMAIL.COM,2025-06-17,2025-07-12
P0764,,,2025-03-18,2025-04-05
P0765,(257) 849-3590,thomas.gonzalez@aol.com,2026-08-29,2026-09-01
P0766,(336) 392-3101,kenneth.gomez@gmail.com,2025-05-26,2025-06-21
P0767,4447769499,nIcolE.GarcIa@aoL.COm,2026-02-26,2026-03-27
P0768,(471) 505-7557,amy.sanders@yahoo.com,2026-04-20,
P0769,283.581.6061,sCOTT.brOoKS@gMAIl.com,2025-11-27,2025-12-05
P0770,654-669-9048,BARBARA.MOORE@AOL.COM,2026-04-21,
P0771,5677446272,Emma.Ramos@hotmail.com,2025-10-24,2025-11-22
P0772,726.582.3554,Rebecca.Stewart@outlook.com,2026-01-05,2026-01-13
P0773,8165262454,aLeXanDer.BROOKS@gmAiL.Com,2025-05-26,2025-05-30
P0774,2196329912,betty.jimenez@yahoo.com,2025-04-24,2025-05-23
P0775,2349904878,Joshua.Martinez@hotmail.com,2025-11-30,2025-12-11
P0776,336-799-3134,JACOB.RAMOS@YAHOO.COM,,
P0777,(205) 513-6530,kathleen.harris@outlook.com,2026-08-12,
P0778,(272) 679-3641,Rachel.Mendoza@yahoo.com,2025-07-21,2025-08-15
P0779,840.674.3322,larry.nguyen@gmail.com,2026-01-25,
P0780,,Stephen.Hill@outlook.com,2025-12-26,2026-01-16
P0781,3179066148,joseph.bennett@outlook.com,2026-03-30,2026-04-24
P0782,780-272-7591,Andrew.Green@outlook.com,2026-07-19,2026-07-31
P0783,4016104037,angela.morales@yahoo.com,2026-06-07,2026-06-15
P0784,(235) 451-2877,,2026-06-02,2026-06-12
P0785,4022494149,KAThlEEN.rOdrIguEz@OUtLooK.cOM,2026-04-04,
P0786,(488) 992-1617,thomas.jones@outlook.com,2026-06-07,
P0787,445-450-2077,Pamela.Diaz@outlook.com,2025-03-25,
P0788,946-617-3055,ryan.morgan@gmail.com,2025-08-26,
P0789,736.803.8153,CHARLES.MORALES@AOL.COM,2026-05-05,
P0790,(399) 346-3591,ANdrEw.wALkEr@gMAil.Com,2025-04-24,
P0791,719.337.7534,lisa.evans@outlook.com,2026-08-26,2026-09-01
P0792,327.936.5943,Lisa.Bennett@hotmail.com,2026-05-23,2026-05-27
P0793,(242) 465-3131,elizabeth.parker@aol.com,2026-07-17,
P0794,,dOnAlD.jiMeneZ@aOl.com,2025-07-16,2025-07-28
P0795,5106869411,MArIa.rODRiGUez@OUTlOoK.Com,2026-01-30,2026-02-26
P0796,807-463-4663,william.edwards@gmail.com,,
P0797,(498) 297-1898,Nicole.Bennett@aol.com,2025-06-17,
P0798,(622) 966-4322,michelle.wright@aol.com,2025-06-29,2025-07-17
P0799,5777065853,emma.cook@aol.com,2026-08-06,2026-08-21
P0800,668-755-4710,Stephanie.Hill@yahoo.com,2025-12-15,
P0801,465.828.7685,nicholas.robinson@outlook.com,2026-08-05,
P0802,(536) 872-2624,jeffrey.bailey@hotmail.com,2025-08-28,
P0803,(818) 708-8300,brenda.white@gmail.com,2025-03-29,
P0804,407.506.7302,james.ruiz@outlook.com,2025-12-23,2026-01-10
P0805,914-241-9310,Raymond.Anderson@gmail.com,2026-06-17,2026-06-29
P0806,401.229.3099,JENNIFER.GUTIERREZ@GMAIL.COM,2026-06-27,2026-07-09
